{
  "Vibrant": {
    "rgb": [
      220,
      28,
      36
    ],
    "population": 15
  },
  "LightVibrant": {
    "rgb": [
      240.02903225806455,
      137.37096774193546,
      141.6483870967742
    ],
    "population": 0
  },
  "DarkVibrant": {
    "rgb": [
      200,
      24,
      28
    ],
    "population": 2
  },
  "Muted": {
    "rgb": [
      135.72580645161287,
      17.274193548387128,
      22.20967741935493
    ],
    "population": 0
  },
  "LightMuted": {
    "rgb": [
      135.72580645161293,
      17.27419354838707,
      22.209677419354875
    ],
    "population": 0
  },
  "DarkMuted": {
    "rgb": [
      136.60714285714286,
      16.392857142857142,
      19.124999999999996
    ],
    "population": 0
  }
}
